epoch,auc,binary_accuracy,false_negatives,false_positives,loss,precision,recall,true_negatives,true_positives,val_auc,val_binary_accuracy,val_false_negatives,val_false_positives,val_loss,val_precision,val_recall,val_true_negatives,val_true_positives
0,0.4434966444969177,0.7651633024215698,17.0,134.0,0.5838612914085388,0.7856000065803528,0.9665354490280151,1.0,491.0,0.6282355189323425,0.762499988079071,0.0,38.0,0.656405508518219,0.762499988079071,1.0,0.0,122.0
1,0.45349225401878357,0.7900466322898865,0.0,135.0,0.5366153120994568,0.7900466322898865,1.0,0.0,508.0,0.6713762283325195,0.762499988079071,0.0,38.0,0.6226869225502014,0.762499988079071,1.0,0.0,122.0
2,0.4617672562599182,0.7900466322898865,0.0,135.0,0.5301451683044434,0.7900466322898865,1.0,0.0,508.0,0.6770923137664795,0.762499988079071,0.0,38.0,0.6148087978363037,0.762499988079071,1.0,0.0,122.0
3,0.4829760789871216,0.7900466322898865,0.0,135.0,0.5270467400550842,0.7900466322898865,1.0,0.0,508.0,0.680867075920105,0.762499988079071,0.0,38.0,0.6051455140113831,0.762499988079071,1.0,0.0,122.0
4,0.48075971007347107,0.7900466322898865,0.0,135.0,0.5271148681640625,0.7900466322898865,1.0,0.0,508.0,0.6839948296546936,0.762499988079071,0.0,38.0,0.5861786007881165,0.762499988079071,1.0,0.0,122.0
5,0.4850248098373413,0.7900466322898865,0.0,135.0,0.5233694314956665,0.7900466322898865,1.0,0.0,508.0,0.6860439777374268,0.762499988079071,0.0,38.0,0.5798633694648743,0.762499988079071,1.0,0.0,122.0
6,0.5048556327819824,0.7900466322898865,0.0,135.0,0.5217062830924988,0.7900466322898865,1.0,0.0,508.0,0.6867989897727966,0.762499988079071,0.0,38.0,0.5763654708862305,0.762499988079071,1.0,0.0,122.0
7,0.5129192471504211,0.7900466322898865,0.0,135.0,0.5196456909179688,0.7900466322898865,1.0,0.0,508.0,0.6900345087051392,0.762499988079071,0.0,38.0,0.5680180788040161,0.762499988079071,1.0,0.0,122.0
8,0.5067293643951416,0.7900466322898865,0.0,135.0,0.5198850035667419,0.7900466322898865,1.0,0.0,508.0,0.6943485736846924,0.762499988079071,0.0,38.0,0.5629397630691528,0.762499988079071,1.0,0.0,122.0
9,0.525444746017456,0.7900466322898865,0.0,135.0,0.5169997811317444,0.7900466322898865,1.0,0.0,508.0,0.6929465532302856,0.762499988079071,0.0,38.0,0.5590826869010925,0.762499988079071,1.0,0.0,122.0
10,0.5311023592948914,0.7900466322898865,0.0,135.0,0.5164134502410889,0.7900466322898865,1.0,0.0,508.0,0.6958584785461426,0.762499988079071,0.0,38.0,0.5558085441589355,0.762499988079071,1.0,0.0,122.0
11,0.5355643033981323,0.7900466322898865,0.0,135.0,0.5160199999809265,0.7900466322898865,1.0,0.0,508.0,0.6935936212539673,0.762499988079071,0.0,38.0,0.5539782643318176,0.762499988079071,1.0,0.0,122.0
12,0.5578083992004395,0.7900466322898865,0.0,135.0,0.5120090842247009,0.7900466322898865,1.0,0.0,508.0,0.6952113509178162,0.762499988079071,0.0,38.0,0.551105260848999,0.762499988079071,1.0,0.0,122.0
13,0.5796806812286377,0.7900466322898865,0.0,135.0,0.5083852410316467,0.7900466322898865,1.0,0.0,508.0,0.6963977813720703,0.762499988079071,0.0,38.0,0.5477175712585449,0.762499988079071,1.0,0.0,122.0
14,0.5802347660064697,0.7900466322898865,0.0,135.0,0.5082072615623474,0.7900466322898865,1.0,0.0,508.0,0.6954271197319031,0.762499988079071,0.0,38.0,0.5427429676055908,0.762499988079071,1.0,0.0,122.0
15,0.5484762191772461,0.7900466322898865,0.0,135.0,0.5136758685112,0.7900466322898865,1.0,0.0,508.0,0.6994175910949707,0.762499988079071,0.0,38.0,0.5392919778823853,0.762499988079071,1.0,0.0,122.0
16,0.5695391893386841,0.7900466322898865,0.0,135.0,0.511056125164032,0.7900466322898865,1.0,0.0,508.0,0.7008196711540222,0.762499988079071,0.0,38.0,0.5367314219474792,0.762499988079071,1.0,0.0,122.0
17,0.5784193277359009,0.7900466322898865,0.0,135.0,0.5086925029754639,0.7900466322898865,1.0,0.0,508.0,0.6996333599090576,0.762499988079071,0.0,38.0,0.5354971885681152,0.762499988079071,1.0,0.0,122.0
18,0.5614756345748901,0.7900466322898865,0.0,135.0,0.5113964676856995,0.7900466322898865,1.0,0.0,508.0,0.7056729793548584,0.762499988079071,0.0,38.0,0.535075306892395,0.762499988079071,1.0,0.0,122.0
19,0.5722295045852661,0.7900466322898865,0.0,135.0,0.509046196937561,0.7900466322898865,1.0,0.0,508.0,0.7045944929122925,0.762499988079071,0.0,38.0,0.5323998332023621,0.762499988079071,1.0,0.0,122.0
20,0.56844562292099,0.7900466322898865,0.0,135.0,0.5092907547950745,0.7900466322898865,1.0,0.0,508.0,0.70933997631073,0.762499988079071,0.0,38.0,0.5288956761360168,0.762499988079071,1.0,0.0,122.0
21,0.5842081904411316,0.7900466322898865,0.0,135.0,0.5061731934547424,0.7900466322898865,1.0,0.0,508.0,0.7107420563697815,0.762499988079071,0.0,38.0,0.5260361433029175,0.762499988079071,1.0,0.0,122.0
22,0.5678988099098206,0.7900466322898865,0.0,135.0,0.5092151165008545,0.7900466322898865,1.0,0.0,508.0,0.7113891839981079,0.762499988079071,0.0,38.0,0.5270726680755615,0.762499988079071,1.0,0.0,122.0
23,0.580460786819458,0.7900466322898865,0.0,135.0,0.5083496570587158,0.7900466322898865,1.0,0.0,508.0,0.7165660262107849,0.762499988079071,0.0,38.0,0.5268737077713013,0.762499988079071,1.0,0.0,122.0
24,0.5955308079719543,0.7900466322898865,0.0,135.0,0.5054786205291748,0.7900466322898865,1.0,0.0,508.0,0.715811014175415,0.762499988079071,0.0,38.0,0.5252215266227722,0.762499988079071,1.0,0.0,122.0
25,0.5905438661575317,0.7900466322898865,0.0,135.0,0.5051144361495972,0.7900466322898865,1.0,0.0,508.0,0.7180759310722351,0.762499988079071,0.0,38.0,0.5224208831787109,0.762499988079071,1.0,0.0,122.0
26,0.5877952575683594,0.7900466322898865,0.0,135.0,0.5048319101333618,0.7900466322898865,1.0,0.0,508.0,0.7220664620399475,0.762499988079071,0.0,38.0,0.5230593681335449,0.762499988079071,1.0,0.0,122.0
27,0.580183744430542,0.7900466322898865,0.0,135.0,0.5053847432136536,0.7900466322898865,1.0,0.0,508.0,0.722497820854187,0.762499988079071,0.0,38.0,0.5226855278015137,0.762499988079071,1.0,0.0,122.0
28,0.5888378620147705,0.7900466322898865,0.0,135.0,0.504340648651123,0.7900466322898865,1.0,0.0,508.0,0.7262726426124573,0.762499988079071,0.0,38.0,0.5221074223518372,0.762499988079071,1.0,0.0,122.0
29,0.6014070510864258,0.7900466322898865,0.0,135.0,0.5020055770874023,0.7900466322898865,1.0,0.0,508.0,0.7238999605178833,0.762499988079071,0.0,38.0,0.5217539668083191,0.762499988079071,1.0,0.0,122.0
30,0.6015747785568237,0.7900466322898865,0.0,135.0,0.501717746257782,0.7900466322898865,1.0,0.0,508.0,0.7241156101226807,0.762499988079071,0.0,38.0,0.5208727121353149,0.762499988079071,1.0,0.0,122.0
31,0.5876932144165039,0.7900466322898865,0.0,135.0,0.5054746866226196,0.7900466322898865,1.0,0.0,508.0,0.7302631139755249,0.762499988079071,0.0,38.0,0.5196148753166199,0.762499988079071,1.0,0.0,122.0
32,0.5982428789138794,0.7900466322898865,0.0,135.0,0.5026454925537109,0.7900466322898865,1.0,0.0,508.0,0.730155348777771,0.762499988079071,0.0,38.0,0.5189806222915649,0.762499988079071,1.0,0.0,122.0
33,0.6126348972320557,0.7900466322898865,0.0,135.0,0.5005073547363281,0.7900466322898865,1.0,0.0,508.0,0.7323123216629028,0.762499988079071,0.0,38.0,0.5160946846008301,0.762499988079071,1.0,0.0,122.0
34,0.6033245921134949,0.7900466322898865,0.0,135.0,0.5038394927978516,0.7900466322898865,1.0,0.0,508.0,0.7346850633621216,0.762499988079071,0.0,38.0,0.5160971879959106,0.762499988079071,1.0,0.0,122.0
35,0.6087051630020142,0.7900466322898865,0.0,135.0,0.5000872611999512,0.7900466322898865,1.0,0.0,508.0,0.7309102416038513,0.762499988079071,0.0,38.0,0.5156624913215637,0.762499988079071,1.0,0.0,122.0
36,0.6160250902175903,0.7900466322898865,0.0,135.0,0.49791809916496277,0.7900466322898865,1.0,0.0,508.0,0.7336065769195557,0.762499988079071,0.0,38.0,0.5141013860702515,0.762499988079071,1.0,0.0,122.0
37,0.608537495136261,0.7900466322898865,0.0,135.0,0.501184344291687,0.7900466322898865,1.0,0.0,508.0,0.7331751585006714,0.762499988079071,0.0,38.0,0.5140015482902527,0.762499988079071,1.0,0.0,122.0
38,0.6210484504699707,0.7900466322898865,0.0,135.0,0.49569764733314514,0.7900466322898865,1.0,0.0,508.0,0.7383520603179932,0.762499988079071,0.0,38.0,0.5133388042449951,0.762499988079071,1.0,0.0,122.0
39,0.6170895099639893,0.7900466322898865,0.0,135.0,0.49898961186408997,0.7900466322898865,1.0,0.0,508.0,0.7401854991912842,0.762499988079071,0.0,38.0,0.5122991800308228,0.762499988079071,1.0,0.0,122.0
40,0.6146398186683655,0.7900466322898865,0.0,135.0,0.5005284547805786,0.7900466322898865,1.0,0.0,508.0,0.7440681457519531,0.762499988079071,0.0,38.0,0.5115499496459961,0.762499988079071,1.0,0.0,122.0
41,0.632582426071167,0.7900466322898865,0.0,135.0,0.4959462285041809,0.7900466322898865,1.0,0.0,508.0,0.741479754447937,0.762499988079071,0.0,38.0,0.5100445747375488,0.762499988079071,1.0,0.0,122.0
42,0.620414137840271,0.7900466322898865,0.0,135.0,0.49653300642967224,0.7900466322898865,1.0,0.0,508.0,0.7424503564834595,0.762499988079071,0.0,38.0,0.5088275074958801,0.762499988079071,1.0,0.0,122.0
43,0.6328812837600708,0.7900466322898865,0.0,135.0,0.4972715973854065,0.7900466322898865,1.0,0.0,508.0,0.7419111728668213,0.762499988079071,0.0,38.0,0.5068931579589844,0.762499988079071,1.0,0.0,122.0
44,0.6224846839904785,0.7900466322898865,0.0,135.0,0.49761852622032166,0.7900466322898865,1.0,0.0,508.0,0.7459016442298889,0.762499988079071,0.0,38.0,0.5078572630882263,0.762499988079071,1.0,0.0,122.0
45,0.6382108330726624,0.7900466322898865,0.0,135.0,0.49276188015937805,0.7900466322898865,1.0,0.0,508.0,0.7457938194274902,0.762499988079071,0.0,38.0,0.5068601369857788,0.762499988079071,1.0,0.0,122.0
46,0.6297462582588196,0.7900466322898865,0.0,135.0,0.4941689670085907,0.7900466322898865,1.0,0.0,508.0,0.7437446117401123,0.762499988079071,0.0,38.0,0.5072338581085205,0.762499988079071,1.0,0.0,122.0
47,0.6270560026168823,0.7900466322898865,0.0,135.0,0.4972020983695984,0.7900466322898865,1.0,0.0,508.0,0.745362401008606,0.762499988079071,0.0,38.0,0.5081385374069214,0.762499988079071,1.0,0.0,122.0
48,0.6466900110244751,0.7900466322898865,0.0,135.0,0.4926241934299469,0.7900466322898865,1.0,0.0,508.0,0.7430975437164307,0.762499988079071,0.0,38.0,0.5031589269638062,0.762499988079071,1.0,0.0,122.0
49,0.6366724967956543,0.7900466322898865,0.0,135.0,0.4932352602481842,0.7900466322898865,1.0,0.0,508.0,0.7497843503952026,0.762499988079071,0.0,38.0,0.5079300999641418,0.762499988079071,1.0,0.0,122.0
50,0.6465296149253845,0.7900466322898865,0.0,135.0,0.4917803406715393,0.7900466322898865,1.0,0.0,508.0,0.7496764659881592,0.762499988079071,0.0,38.0,0.5083795189857483,0.762499988079071,1.0,0.0,122.0
51,0.644860029220581,0.7900466322898865,0.0,135.0,0.49038296937942505,0.7900466322898865,1.0,0.0,508.0,0.7520492076873779,0.762499988079071,0.0,38.0,0.5065119862556458,0.762499988079071,1.0,0.0,122.0
52,0.6398804187774658,0.7900466322898865,0.0,135.0,0.49516725540161133,0.7900466322898865,1.0,0.0,508.0,0.7555004358291626,0.762499988079071,0.0,38.0,0.5058649182319641,0.762499988079071,1.0,0.0,122.0
53,0.6351778507232666,0.7900466322898865,0.0,135.0,0.4954499304294586,0.7900466322898865,1.0,0.0,508.0,0.7604616284370422,0.762499988079071,0.0,38.0,0.5033519864082336,0.762499988079071,1.0,0.0,122.0
54,0.6414333581924438,0.7900466322898865,0.0,135.0,0.4953044354915619,0.7900466322898865,1.0,0.0,508.0,0.759490966796875,0.762499988079071,0.0,38.0,0.5043030977249146,0.762499988079071,1.0,0.0,122.0
55,0.6402960419654846,0.7900466322898865,0.0,135.0,0.49324482679367065,0.7900466322898865,1.0,0.0,508.0,0.759490966796875,0.762499988079071,0.0,38.0,0.5025472640991211,0.762499988079071,1.0,0.0,122.0
56,0.6460849046707153,0.7900466322898865,0.0,135.0,0.4929380416870117,0.7900466322898865,1.0,0.0,508.0,0.7669327259063721,0.7562500238418579,1.0,38.0,0.5013731122016907,0.7610062956809998,0.9918032884597778,0.0,121.0
57,0.6433945894241333,0.7900466322898865,0.0,135.0,0.4924553334712982,0.7900466322898865,1.0,0.0,508.0,0.7644520998001099,0.7562500238418579,1.0,38.0,0.499755322933197,0.7610062956809998,0.9918032884597778,0.0,121.0
58,0.6466754078865051,0.7900466322898865,0.0,135.0,0.49088549613952637,0.7900466322898865,1.0,0.0,508.0,0.7647756934165955,0.7562500238418579,1.0,38.0,0.49630171060562134,0.7610062956809998,0.9918032884597778,0.0,121.0
59,0.6627734303474426,0.7900466322898865,0.0,135.0,0.487809956073761,0.7900466322898865,1.0,0.0,508.0,0.7657463550567627,0.7562500238418579,1.0,38.0,0.49443840980529785,0.7610062956809998,0.9918032884597778,0.0,121.0
60,0.6528871059417725,0.7900466322898865,0.0,135.0,0.4872281849384308,0.7900466322898865,1.0,0.0,508.0,0.7574417591094971,0.7562500238418579,1.0,38.0,0.4919515550136566,0.7610062956809998,0.9918032884597778,0.0,121.0
61,0.6594415307044983,0.7900466322898865,2.0,133.0,0.4857366979122162,0.7918623089790344,0.9960629940032959,2.0,506.0,0.7721096277236938,0.7562500238418579,1.0,38.0,0.49670878052711487,0.7610062956809998,0.9918032884597778,0.0,121.0
62,0.6603164672851562,0.7900466322898865,0.0,135.0,0.48871371150016785,0.7900466322898865,1.0,0.0,508.0,0.769844651222229,0.7562500238418579,1.0,38.0,0.4949018359184265,0.7610062956809998,0.9918032884597778,0.0,121.0
63,0.6613808870315552,0.7900466322898865,1.0,134.0,0.48800593614578247,0.7909516096115112,0.998031497001648,1.0,507.0,0.7717859745025635,0.7562500238418579,1.0,38.0,0.49321308732032776,0.7610062956809998,0.9918032884597778,0.0,121.0
64,0.6736292839050293,0.7900466322898865,0.0,135.0,0.4839108884334564,0.7900466322898865,1.0,0.0,508.0,0.7732959389686584,0.7562500238418579,1.0,38.0,0.49553102254867554,0.7610062956809998,0.9918032884597778,0.0,121.0
65,0.6873724460601807,0.7900466322898865,0.0,135.0,0.4830292761325836,0.7900466322898865,1.0,0.0,508.0,0.7616479396820068,0.7562500238418579,1.0,38.0,0.4869691729545593,0.7610062956809998,0.9918032884597778,0.0,121.0
66,0.6586979031562805,0.791601836681366,1.0,133.0,0.4878382384777069,0.792187511920929,0.998031497001648,2.0,507.0,0.7770707607269287,0.7562500238418579,1.0,38.0,0.49841469526290894,0.7610062956809998,0.9918032884597778,0.0,121.0
67,0.6718357801437378,0.7900466322898865,0.0,135.0,0.4835464656352997,0.7900466322898865,1.0,0.0,508.0,0.768011212348938,0.7562500238418579,1.0,38.0,0.4861947000026703,0.7610062956809998,0.9918032884597778,0.0,121.0
68,0.6744604706764221,0.7900466322898865,1.0,134.0,0.48160526156425476,0.7909516096115112,0.998031497001648,1.0,507.0,0.773727297782898,0.7562500238418579,1.0,38.0,0.4892730116844177,0.7610062956809998,0.9918032884597778,0.0,121.0
69,0.6731481552124023,0.788491427898407,2.0,134.0,0.48411834239959717,0.7906249761581421,0.9960629940032959,1.0,506.0,0.7856988906860352,0.7562500238418579,1.0,38.0,0.4944291114807129,0.7610062956809998,0.9918032884597778,0.0,121.0
70,0.6740157604217529,0.7900466322898865,0.0,135.0,0.4843735694885254,0.7900466322898865,1.0,0.0,508.0,0.7750215530395508,0.7562500238418579,1.0,38.0,0.4850570559501648,0.7610062956809998,0.9918032884597778,0.0,121.0
71,0.6765894293785095,0.7869362235069275,2.0,135.0,0.482954204082489,0.7893915772438049,0.9960629940032959,0.0,506.0,0.7740509510040283,0.7562500238418579,1.0,38.0,0.48226112127304077,0.7610062956809998,0.9918032884597778,0.0,121.0
72,0.6852070093154907,0.7900466322898865,1.0,134.0,0.48000335693359375,0.7909516096115112,0.998031497001648,1.0,507.0,0.7751294374465942,0.7562500238418579,1.0,38.0,0.480902761220932,0.7610062956809998,0.9918032884597778,0.0,121.0
73,0.6845290064811707,0.791601836681366,2.0,132.0,0.4786205589771271,0.7931034564971924,0.9960629940032959,3.0,506.0,0.7875323295593262,0.7562500238418579,1.0,38.0,0.48284855484962463,0.7610062956809998,0.9918032884597778,0.0,121.0
74,0.6835301518440247,0.791601836681366,1.0,133.0,0.47779783606529236,0.792187511920929,0.998031497001648,2.0,507.0,0.7926013469696045,0.7562500238418579,1.0,38.0,0.4855269491672516,0.7610062956809998,0.9918032884597778,0.0,121.0
75,0.6879630088806152,0.7931571006774902,1.0,132.0,0.4780094027519226,0.7934272289276123,0.998031497001648,3.0,507.0,0.7923856973648071,0.7562500238418579,1.0,38.0,0.4816230833530426,0.7610062956809998,0.9918032884597778,0.0,121.0
76,0.6890201568603516,0.791601836681366,1.0,133.0,0.47795790433883667,0.792187511920929,0.998031497001648,2.0,507.0,0.7962683439254761,0.7562500238418579,1.0,38.0,0.48893752694129944,0.7610062956809998,0.9918032884597778,0.0,121.0
77,0.6960921287536621,0.791601836681366,1.0,133.0,0.47685959935188293,0.792187511920929,0.998031497001648,2.0,507.0,0.7959448099136353,0.7562500238418579,1.0,38.0,0.4792150557041168,0.7610062956809998,0.9918032884597778,0.0,121.0
78,0.6965296268463135,0.7947123050689697,2.0,130.0,0.4753109812736511,0.795597493648529,0.9960629940032959,5.0,506.0,0.7988567352294922,0.7562500238418579,1.0,38.0,0.481477826833725,0.7610062956809998,0.9918032884597778,0.0,121.0
79,0.6844853162765503,0.7900466322898865,2.0,133.0,0.4774894118309021,0.7918623089790344,0.9960629940032959,2.0,506.0,0.7889344692230225,0.7562500238418579,1.0,38.0,0.47649049758911133,0.7610062956809998,0.9918032884597778,0.0,121.0
80,0.6982939839363098,0.785381019115448,3.0,135.0,0.4745561182498932,0.7890625,0.9940944910049438,0.0,505.0,0.796807587146759,0.7562500238418579,1.0,38.0,0.4793127179145813,0.7610062956809998,0.9918032884597778,0.0,121.0
81,0.6945465207099915,0.7931571006774902,4.0,129.0,0.4744882583618164,0.7962085604667664,0.9921259880065918,6.0,504.0,0.7978861331939697,0.7562500238418579,1.0,38.0,0.47637367248535156,0.7610062956809998,0.9918032884597778,0.0,121.0
82,0.6967483162879944,0.791601836681366,2.0,132.0,0.4753897190093994,0.7931034564971924,0.9960629940032959,3.0,506.0,0.7867773771286011,0.75,2.0,38.0,0.47102728486061096,0.7594936490058899,0.9836065769195557,0.0,120.0
83,0.695632815361023,0.7978227138519287,1.0,129.0,0.4728009104728699,0.7971698045730591,0.998031497001648,6.0,507.0,0.7985332608222961,0.75,2.0,38.0,0.47588855028152466,0.7594936490058899,0.9836065769195557,0.0,120.0
84,0.7141294479370117,0.7962675094604492,1.0,130.0,0.4693414270877838,0.795918345451355,0.998031497001648,5.0,507.0,0.7819240689277649,0.75,2.0,38.0,0.46644601225852966,0.7594936490058899,0.9836065769195557,0.0,120.0
85,0.7016695737838745,0.7900466322898865,4.0,131.0,0.47289568185806274,0.7937008142471313,0.9921259880065918,4.0,504.0,0.8039257526397705,0.75,2.0,38.0,0.474081814289093,0.7594936490058899,0.9836065769195557,0.0,120.0
86,0.7113370895385742,0.7947123050689697,3.0,129.0,0.46998104453086853,0.7965299487113953,0.9940944910049438,6.0,505.0,0.7943270206451416,0.75,2.0,38.0,0.4681926667690277,0.7594936490058899,0.9836065769195557,0.0,120.0
87,0.6979731917381287,0.791601836681366,2.0,132.0,0.4723038375377655,0.7931034564971924,0.9960629940032959,3.0,506.0,0.8099655508995056,0.7562500238418579,1.0,38.0,0.474740594625473,0.7610062956809998,0.9918032884597778,0.0,121.0
88,0.7105569839477539,0.7900466322898865,3.0,132.0,0.47039994597435,0.7927786707878113,0.9940944910049438,3.0,505.0,0.791630744934082,0.75,2.0,38.0,0.46399372816085815,0.7594936490058899,0.9836065769195557,0.0,120.0
89,0.6993001103401184,0.7947123050689697,4.0,128.0,0.4712452292442322,0.797468364238739,0.9921259880065918,7.0,504.0,0.8088870048522949,0.7562500238418579,1.0,38.0,0.4808720648288727,0.7610062956809998,0.9918032884597778,0.0,121.0
90,0.7152303457260132,0.7931571006774902,1.0,132.0,0.46881142258644104,0.7934272289276123,0.998031497001648,3.0,507.0,0.8097497820854187,0.7562500238418579,1.0,38.0,0.47870373725891113,0.7610062956809998,0.9918032884597778,0.0,121.0
91,0.6995771527290344,0.788491427898407,4.0,132.0,0.47358059883117676,0.7924528121948242,0.9921259880065918,3.0,504.0,0.7943270206451416,0.768750011920929,2.0,35.0,0.46583423018455505,0.774193525314331,0.9836065769195557,3.0,120.0
92,0.7105059623718262,0.791601836681366,5.0,129.0,0.46845605969429016,0.7958860993385315,0.9901574850082397,6.0,503.0,0.7987489104270935,0.762499988079071,2.0,36.0,0.463203102350235,0.7692307829856873,0.9836065769195557,2.0,120.0
93,0.7200714349746704,0.7993779182434082,3.0,126.0,0.4616332948207855,0.8003169298171997,0.9940944910049438,9.0,505.0,0.8074848651885986,0.762499988079071,2.0,36.0,0.4658083915710449,0.7692307829856873,0.9836065769195557,2.0,120.0
94,0.7195902466773987,0.8055987358093262,0.0,125.0,0.46298882365226746,0.802527666091919,1.0,10.0,508.0,0.8092105388641357,0.762499988079071,2.0,36.0,0.4671838879585266,0.7692307829856873,0.9836065769195557,2.0,120.0
95,0.7227981686592102,0.7947123050689697,2.0,130.0,0.4635624885559082,0.795597493648529,0.9960629940032959,5.0,506.0,0.7965918779373169,0.7749999761581421,2.0,34.0,0.4623273015022278,0.7792207598686218,0.9836065769195557,4.0,120.0
96,0.7079979181289673,0.7993779182434082,3.0,126.0,0.4671478867530823,0.8003169298171997,0.9940944910049438,9.0,505.0,0.796484112739563,0.768750011920929,2.0,35.0,0.4597185552120209,0.774193525314331,0.9836065769195557,3.0,120.0
97,0.7166447639465332,0.8040435314178467,1.0,125.0,0.46361881494522095,0.8022152185440063,0.998031497001648,10.0,507.0,0.8108283281326294,0.762499988079071,2.0,36.0,0.46929287910461426,0.7692307829856873,0.9836065769195557,2.0,120.0
98,0.7182559967041016,0.7947123050689697,4.0,128.0,0.4653128981590271,0.797468364238739,0.9921259880065918,7.0,504.0,0.8091026544570923,0.768750011920929,2.0,35.0,0.46241408586502075,0.774193525314331,0.9836065769195557,3.0,120.0
99,0.7220399379730225,0.8040435314178467,4.0,122.0,0.46139881014823914,0.805111825466156,0.9921259880065918,13.0,504.0,0.8079162836074829,0.768750011920929,2.0,35.0,0.4603798985481262,0.774193525314331,0.9836065769195557,3.0,120.0
100,0.7199693918228149,0.8009331226348877,6.0,122.0,0.46155378222465515,0.8044871687889099,0.9881889820098877,13.0,502.0,0.7987489700317383,0.7749999761581421,2.0,34.0,0.4586266577243805,0.7792207598686218,0.9836065769195557,4.0,120.0
101,0.7226742506027222,0.8071539402008057,2.0,122.0,0.460558146238327,0.8057324886322021,0.9960629940032959,13.0,506.0,0.8065142035484314,0.7749999761581421,2.0,34.0,0.46461114287376404,0.7792207598686218,0.9836065769195557,4.0,120.0
102,0.7260862588882446,0.8009331226348877,2.0,126.0,0.4609920382499695,0.800632894039154,0.9960629940032959,9.0,506.0,0.8079162836074829,0.768750011920929,2.0,35.0,0.46249014139175415,0.774193525314331,0.9836065769195557,3.0,120.0
103,0.7321887016296387,0.7978227138519287,5.0,125.0,0.4579392373561859,0.8009554147720337,0.9901574850082397,10.0,503.0,0.8045729398727417,0.7875000238418579,3.0,31.0,0.46732717752456665,0.7933333516120911,0.9754098653793335,7.0,119.0
104,0.7281349897384644,0.8040435314178467,4.0,122.0,0.4593351483345032,0.805111825466156,0.9921259880065918,13.0,504.0,0.8184857964515686,0.7749999761581421,2.0,34.0,0.4801533818244934,0.7792207598686218,0.9836065769195557,4.0,120.0
105,0.7357611656188965,0.8009331226348877,4.0,124.0,0.45788517594337463,0.8025477528572083,0.9921259880065918,11.0,504.0,0.8082398772239685,0.7749999761581421,2.0,34.0,0.4602546691894531,0.7792207598686218,0.9836065769195557,4.0,120.0
106,0.7234179377555847,0.8040435314178467,3.0,123.0,0.459745317697525,0.8041401505470276,0.9940944910049438,12.0,505.0,0.7972390055656433,0.7875000238418579,2.0,32.0,0.4533846974372864,0.7894737124443054,0.9836065769195557,6.0,120.0
107,0.7186643481254578,0.8024883270263672,3.0,124.0,0.4608216881752014,0.8028616905212402,0.9940944910049438,11.0,505.0,0.8010138273239136,0.800000011920929,2.0,30.0,0.45553654432296753,0.800000011920929,0.9836065769195557,8.0,120.0
108,0.740522027015686,0.8040435314178467,5.0,121.0,0.4547528624534607,0.8060897588729858,0.9901574850082397,14.0,503.0,0.8094262480735779,0.8125,2.0,28.0,0.4559806287288666,0.8108108043670654,0.9836065769195557,10.0,120.0
109,0.7265019416809082,0.8055987358093262,4.0,121.0,0.4601277709007263,0.8064000010490417,0.9921259880065918,14.0,504.0,0.8069456815719604,0.78125,2.0,33.0,0.45551347732543945,0.7843137383460999,0.9836065769195557,5.0,120.0
110,0.7258894443511963,0.8087092041969299,3.0,120.0,0.45812466740608215,0.8080000281333923,0.9940944910049438,15.0,505.0,0.8187015056610107,0.7875000238418579,3.0,31.0,0.46362608671188354,0.7933333516120911,0.9754098653793335,7.0,119.0
111,0.7385461926460266,0.8040435314178467,2.0,124.0,0.4554354250431061,0.803174614906311,0.9960629940032959,11.0,506.0,0.8037101030349731,0.78125,2.0,33.0,0.44840049743652344,0.7843137383460999,0.9836065769195557,5.0,120.0
112,0.7417395710945129,0.8055987358093262,7.0,118.0,0.4508976340293884,0.8093699812889099,0.9862204790115356,17.0,501.0,0.8165444135665894,0.793749988079071,3.0,30.0,0.45833951234817505,0.7986577153205872,0.9754098653793335,8.0,119.0
113,0.7330708503723145,0.8040435314178467,5.0,121.0,0.45682501792907715,0.8060897588729858,0.9901574850082397,14.0,503.0,0.8160051703453064,0.7875000238418579,2.0,32.0,0.45174846053123474,0.7894737124443054,0.9836065769195557,6.0,120.0
114,0.7352508306503296,0.8055987358093262,4.0,121.0,0.45514732599258423,0.8064000010490417,0.9921259880065918,14.0,504.0,0.8162208795547485,0.768750011920929,6.0,31.0,0.4817049503326416,0.7891156673431396,0.9508196711540222,7.0,116.0
115,0.7310732007026672,0.8055987358093262,7.0,118.0,0.45610737800598145,0.8093699812889099,0.9862204790115356,17.0,501.0,0.8206427693367004,0.78125,3.0,32.0,0.45872893929481506,0.7880794405937195,0.9754098653793335,6.0,119.0
116,0.7382327318191528,0.7978227138519287,5.0,125.0,0.45575517416000366,0.8009554147720337,0.9901574850082397,10.0,503.0,0.8154659271240234,0.8187500238418579,3.0,26.0,0.45923829078674316,0.8206896781921387,0.9754098653793335,12.0,119.0
117,0.7356444597244263,0.8071539402008057,5.0,119.0,0.45578548312187195,0.8086816668510437,0.9901574850082397,16.0,503.0,0.8236626386642456,0.8187500238418579,3.0,26.0,0.4611245095729828,0.8206896781921387,0.9754098653793335,12.0,119.0
118,0.7343467473983765,0.8071539402008057,6.0,118.0,0.45482099056243896,0.8096774220466614,0.9881889820098877,17.0,502.0,0.8239862322807312,0.831250011920929,5.0,22.0,0.46727412939071655,0.8417266011238098,0.9590163826942444,16.0,117.0
119,0.7263269424438477,0.8087092041969299,5.0,118.0,0.45621898770332336,0.8099839091300964,0.9901574850082397,17.0,503.0,0.8098576068878174,0.793749988079071,2.0,31.0,0.4467100203037262,0.7947019934654236,0.9836065769195557,7.0,120.0
120,0.7319991588592529,0.8040435314178467,8.0,118.0,0.4546787738800049,0.8090614676475525,0.9842519760131836,17.0,500.0,0.798856794834137,0.8062499761581421,2.0,29.0,0.4489307403564453,0.8053691387176514,0.9836065769195557,9.0,120.0
121,0.7324584722518921,0.8102644085884094,6.0,116.0,0.45234787464141846,0.8122977614402771,0.9881889820098877,19.0,502.0,0.8267903327941895,0.8062499761581421,4.0,27.0,0.4654056131839752,0.8137931227684021,0.9672130942344666,11.0,118.0
122,0.7406678199768066,0.8087092041969299,4.0,119.0,0.45318979024887085,0.8089887499809265,0.9921259880065918,16.0,504.0,0.821182131767273,0.800000011920929,3.0,29.0,0.4532508850097656,0.8040540814399719,0.9754098653793335,9.0,119.0
123,0.7383202314376831,0.8087092041969299,6.0,117.0,0.4512038230895996,0.8109854459762573,0.9881889820098877,18.0,502.0,0.8279767036437988,0.800000011920929,3.0,29.0,0.4536328911781311,0.8040540814399719,0.9754098653793335,9.0,119.0
124,0.7443277835845947,0.8087092041969299,5.0,118.0,0.44956517219543457,0.8099839091300964,0.9901574850082397,17.0,503.0,0.8247411847114563,0.8374999761581421,3.0,23.0,0.4558655321598053,0.8380281925201416,0.9754098653793335,15.0,119.0
125,0.7413750886917114,0.8133748173713684,5.0,115.0,0.4496316611766815,0.8139158487319946,0.9901574850082397,20.0,503.0,0.8265746831893921,0.8187500238418579,3.0,26.0,0.45179376006126404,0.8206896781921387,0.9754098653793335,12.0,119.0
126,0.7346820831298828,0.8118196129798889,8.0,113.0,0.45160382986068726,0.8156606554985046,0.9842519760131836,22.0,500.0,0.8194564580917358,0.7875000238418579,7.0,27.0,0.47555309534072876,0.8098591566085815,0.9426229596138,11.0,115.0
127,0.7299796342849731,0.8087092041969299,5.0,118.0,0.45463183522224426,0.8099839091300964,0.9901574850082397,17.0,503.0,0.8317515254020691,0.793749988079071,5.0,28.0,0.4554966390132904,0.8068965673446655,0.9590163826942444,10.0,117.0
128,0.7420384883880615,0.8118196129798889,6.0,115.0,0.44801589846611023,0.8136142492294312,0.9881889820098877,20.0,502.0,0.8208584785461426,0.78125,7.0,28.0,0.4770219922065735,0.8041958212852478,0.9426229596138,10.0,115.0
129,0.746813952922821,0.8118196129798889,4.0,117.0,0.4472891092300415,0.8115941882133484,0.9921259880065918,18.0,504.0,0.8267903327941895,0.800000011920929,5.0,27.0,0.46420639753341675,0.8125,0.9590163826942444,11.0,117.0
130,0.7440871596336365,0.8071539402008057,7.0,117.0,0.4500342905521393,0.8106796145439148,0.9862204790115356,18.0,501.0,0.8318593502044678,0.824999988079071,3.0,25.0,0.4533236622810364,0.8263888955116272,0.9754098653793335,13.0,119.0
131,0.760338306427002,0.8102644085884094,4.0,118.0,0.44318708777427673,0.8102893829345703,0.9921259880065918,17.0,504.0,0.8318594098091125,0.831250011920929,5.0,22.0,0.45518723130226135,0.8417266011238098,0.9590163826942444,16.0,117.0
132,0.750860333442688,0.8195956349372864,3.0,113.0,0.4455421268939972,0.8171520829200745,0.9940944910049438,22.0,505.0,0.8268982172012329,0.8062499761581421,4.0,27.0,0.4436616003513336,0.8137931227684021,0.9672130942344666,11.0,118.0
133,0.7488262057304382,0.8087092041969299,7.0,116.0,0.4469403326511383,0.8119935393333435,0.9862204790115356,19.0,501.0,0.8325064778327942,0.824999988079071,5.0,23.0,0.4547390043735504,0.8357142806053162,0.9590163826942444,15.0,117.0
134,0.7580270767211914,0.8071539402008057,9.0,115.0,0.4435194730758667,0.8127036094665527,0.9822834730148315,20.0,499.0,0.8212898969650269,0.84375,3.0,22.0,0.4383019506931305,0.8439716100692749,0.9754098653793335,16.0,119.0
135,0.7435476779937744,0.8195956349372864,6.0,110.0,0.44565045833587646,0.8202614188194275,0.9881889820098877,25.0,502.0,0.8274374604225159,0.8062499761581421,5.0,26.0,0.4383530020713806,0.8181818127632141,0.9590163826942444,12.0,117.0
136,0.7536308169364929,0.8102644085884094,8.0,114.0,0.4413493871688843,0.8143322467803955,0.9842519760131836,21.0,500.0,0.8340163230895996,0.831250011920929,6.0,21.0,0.4550221860408783,0.8467153310775757,0.9508196711540222,17.0,116.0
137,0.7443423867225647,0.8071539402008057,9.0,115.0,0.4499405026435852,0.8127036094665527,0.9822834730148315,20.0,499.0,0.8308886289596558,0.8187500238418579,5.0,24.0,0.44878554344177246,0.8297872543334961,0.9590163826942444,14.0,117.0
138,0.7463181018829346,0.8149300217628479,6.0,113.0,0.4453407824039459,0.8162601590156555,0.9881889820098877,22.0,502.0,0.821937084197998,0.8374999761581421,2.0,24.0,0.44106465578079224,0.8333333134651184,0.9836065769195557,14.0,120.0
139,0.7551983594894409,0.8149300217628479,6.0,113.0,0.43962207436561584,0.8162601590156555,0.9881889820098877,22.0,502.0,0.83132004737854,0.84375,5.0,20.0,0.45460352301597595,0.8540145754814148,0.9590163826942444,18.0,117.0
140,0.745246410369873,0.8133748173713684,9.0,111.0,0.44811826944351196,0.8180328011512756,0.9822834730148315,24.0,499.0,0.822044849395752,0.8125,6.0,24.0,0.4670628607273102,0.8285714387893677,0.9508196711540222,14.0,116.0
141,0.7344998121261597,0.8102644085884094,8.0,114.0,0.4526418447494507,0.8143322467803955,0.9842519760131836,21.0,500.0,0.8064063787460327,0.8374999761581421,4.0,22.0,0.44579070806503296,0.8428571224212646,0.9672130942344666,16.0,118.0
142,0.7524423599243164,0.8180404305458069,7.0,110.0,0.4422026574611664,0.8199672698974609,0.9862204790115356,25.0,501.0,0.8278689384460449,0.8125,8.0,22.0,0.46876296401023865,0.8382353186607361,0.9344262480735779,16.0,114.0
143,0.7565106153488159,0.8164852261543274,6.0,112.0,0.44166862964630127,0.8175895810127258,0.9881889820098877,23.0,502.0,0.8154659271240234,0.831250011920929,5.0,22.0,0.44396576285362244,0.8417266011238098,0.9590163826942444,16.0,117.0
144,0.7707057595252991,0.8180404305458069,5.0,112.0,0.4326765239238739,0.8178861737251282,0.9901574850082397,23.0,503.0,0.8219370245933533,0.84375,5.0,20.0,0.4409019351005554,0.8540145754814148,0.9590163826942444,18.0,117.0
145,0.7353602051734924,0.8118196129798889,9.0,112.0,0.44831037521362305,0.8166939616203308,0.9822834730148315,23.0,499.0,0.8332614302635193,0.8500000238418579,5.0,19.0,0.44524890184402466,0.8602941036224365,0.9590163826942444,19.0,117.0
146,0.7569116353988647,0.8164852261543274,9.0,109.0,0.43960216641426086,0.8207237124443054,0.9822834730148315,26.0,499.0,0.8300259113311768,0.8187500238418579,8.0,21.0,0.46588581800460815,0.8444444537162781,0.9344262480735779,17.0,114.0
147,0.7519320249557495,0.8055987358093262,11.0,114.0,0.44461485743522644,0.8134205937385559,0.9783464670181274,21.0,497.0,0.8318593502044678,0.824999988079071,8.0,20.0,0.4494962692260742,0.8507462739944458,0.9344262480735779,18.0,114.0
148,0.7515456676483154,0.8211508393287659,8.0,107.0,0.4417910575866699,0.8237232565879822,0.9842519760131836,28.0,500.0,0.8240941166877747,0.84375,3.0,22.0,0.4363011419773102,0.8439716100692749,0.9754098653793335,16.0,119.0
149,0.7545275688171387,0.8149300217628479,9.0,110.0,0.44011396169662476,0.8193760514259338,0.9822834730148315,25.0,499.0,0.8397325277328491,0.8374999761581421,7.0,19.0,0.4549288749694824,0.858208954334259,0.9426229596138,19.0,115.0
150,0.7458369731903076,0.8242612481117249,6.0,107.0,0.44201555848121643,0.8243021368980408,0.9881889820098877,28.0,502.0,0.835849940776825,0.8374999761581421,5.0,21.0,0.44315093755722046,0.8478260636329651,0.9590163826942444,17.0,117.0
151,0.7582166790962219,0.8149300217628479,8.0,111.0,0.43863141536712646,0.8183305859565735,0.9842519760131836,24.0,500.0,0.8386540412902832,0.800000011920929,7.0,25.0,0.4458156228065491,0.8214285969734192,0.9426229596138,13.0,115.0
152,0.7668561935424805,0.8149300217628479,10.0,109.0,0.4360090494155884,0.8204283118247986,0.9803149700164795,26.0,498.0,0.8369283676147461,0.8500000238418579,5.0,19.0,0.4352482259273529,0.8602941036224365,0.9590163826942444,19.0,117.0
153,0.7615048289299011,0.8273717164993286,5.0,106.0,0.4348967969417572,0.825944185256958,0.9901574850082397,29.0,503.0,0.8367127180099487,0.831250011920929,8.0,19.0,0.44863778352737427,0.8571428656578064,0.9344262480735779,19.0,114.0
154,0.7482939958572388,0.8087092041969299,10.0,113.0,0.4450041949748993,0.8150572776794434,0.9803149700164795,22.0,498.0,0.8385461568832397,0.84375,6.0,19.0,0.44634905457496643,0.8592592477798462,0.9508196711540222,19.0,116.0
155,0.762182891368866,0.8180404305458069,8.0,109.0,0.43697023391723633,0.8210180401802063,0.9842519760131836,26.0,500.0,0.8274374604225159,0.8374999761581421,6.0,20.0,0.43915003538131714,0.8529411554336548,0.9508196711540222,18.0,116.0
156,0.7603163719177246,0.8180404305458069,8.0,109.0,0.4382385015487671,0.8210180401802063,0.9842519760131836,26.0,500.0,0.8395168781280518,0.831250011920929,8.0,19.0,0.45052677392959595,0.8571428656578064,0.9344262480735779,19.0,114.0
157,0.7700714468955994,0.8273717164993286,8.0,103.0,0.43197014927864075,0.8291873931884766,0.9842519760131836,32.0,500.0,0.8401639461517334,0.84375,6.0,19.0,0.4407568871974945,0.8592592477798462,0.9508196711540222,19.0,116.0
158,0.7623213529586792,0.8211508393287659,7.0,108.0,0.43540069460868835,0.8226600885391235,0.9862204790115356,27.0,501.0,0.8397325873374939,0.8374999761581421,6.0,20.0,0.4345020353794098,0.8529411554336548,0.9508196711540222,18.0,116.0
159,0.7628025412559509,0.8242612481117249,10.0,103.0,0.4333757162094116,0.8286189436912537,0.9803149700164795,32.0,498.0,0.8311043977737427,0.831250011920929,7.0,20.0,0.4320187568664551,0.8518518805503845,0.9426229596138,18.0,115.0
160,0.7662218809127808,0.8164852261543274,10.0,108.0,0.43393272161483765,0.8217821717262268,0.9803149700164795,27.0,498.0,0.840811014175415,0.831250011920929,8.0,19.0,0.4530896246433258,0.8571428656578064,0.9344262480735779,19.0,114.0
161,0.7606299519538879,0.8242612481117249,9.0,104.0,0.4356949031352997,0.8275290131568909,0.9822834730148315,31.0,499.0,0.8378990888595581,0.824999988079071,9.0,19.0,0.4525318145751953,0.8560606241226196,0.9262295365333557,19.0,113.0
162,0.7700130939483643,0.8211508393287659,9.0,106.0,0.43170008063316345,0.8247933983802795,0.9822834730148315,29.0,499.0,0.8312122821807861,0.84375,5.0,20.0,0.4235573709011078,0.8540145754814148,0.9590163826942444,18.0,117.0
163,0.7496135830879211,0.8195956349372864,11.0,105.0,0.4396563470363617,0.8255813717842102,0.9783464670181274,30.0,497.0,0.8399481773376465,0.8187500238418579,10.0,19.0,0.4422924518585205,0.8549618124961853,0.9180327653884888,19.0,112.0
164,0.7601706385612488,0.8242612481117249,9.0,104.0,0.43674036860466003,0.8275290131568909,0.9822834730148315,31.0,499.0,0.8311043977737427,0.8374999761581421,6.0,20.0,0.4266161024570465,0.8529411554336548,0.9508196711540222,18.0,116.0
165,0.7607465982437134,0.8289269208908081,11.0,99.0,0.43365252017974854,0.8338926434516907,0.9783464670181274,36.0,497.0,0.8425366878509521,0.831250011920929,8.0,19.0,0.44111257791519165,0.8571428656578064,0.9344262480735779,19.0,114.0
166,0.7668707966804504,0.8180404305458069,13.0,104.0,0.43063628673553467,0.826377272605896,0.9744094610214233,31.0,495.0,0.84232097864151,0.831250011920929,8.0,19.0,0.4367929995059967,0.8571428656578064,0.9344262480735779,19.0,114.0
167,0.7602143287658691,0.8195956349372864,12.0,104.0,0.4354448914527893,0.8266666531562805,0.9763779640197754,31.0,496.0,0.8382226228713989,0.824999988079071,9.0,19.0,0.4511866569519043,0.8560606241226196,0.9262295365333557,19.0,113.0
168,0.7562992572784424,0.8227060437202454,11.0,103.0,0.43910783529281616,0.82833331823349,0.9783464670181274,32.0,497.0,0.8397325277328491,0.8187500238418579,10.0,19.0,0.4493023753166199,0.8549618124961853,0.9180327653884888,19.0,112.0
169,0.7628244161605835,0.8118196129798889,13.0,108.0,0.43533453345298767,0.8208954930305481,0.9744094610214233,27.0,495.0,0.8429681062698364,0.831250011920929,8.0,19.0,0.4512113928794861,0.8571428656578064,0.9344262480735779,19.0,114.0
170,0.7672864198684692,0.8195956349372864,13.0,103.0,0.43263208866119385,0.8277592062950134,0.9744094610214233,32.0,495.0,0.8409188985824585,0.8374999761581421,7.0,19.0,0.4370441436767578,0.858208954334259,0.9426229596138,19.0,115.0
171,0.7677748799324036,0.8211508393287659,9.0,106.0,0.43273845314979553,0.8247933983802795,0.9822834730148315,29.0,499.0,0.8449093699455261,0.831250011920929,8.0,19.0,0.4350738525390625,0.8571428656578064,0.9344262480735779,19.0,114.0
172,0.7471274137496948,0.8195956349372864,14.0,102.0,0.438524454832077,0.8288590312004089,0.9724409580230713,33.0,494.0,0.8471742868423462,0.84375,6.0,19.0,0.42654913663864136,0.8592592477798462,0.9508196711540222,19.0,116.0
173,0.756430447101593,0.8258165121078491,8.0,104.0,0.4344131350517273,0.8278145790100098,0.9842519760131836,31.0,500.0,0.841026782989502,0.831250011920929,7.0,20.0,0.42564916610717773,0.8518518805503845,0.9426229596138,18.0,115.0
174,0.7668708562850952,0.8273717164993286,11.0,100.0,0.4303968548774719,0.8324958086013794,0.9783464670181274,35.0,497.0,0.84232097864151,0.8374999761581421,6.0,20.0,0.4229949414730072,0.8529411554336548,0.9508196711540222,18.0,116.0
175,0.7582094073295593,0.8227060437202454,11.0,103.0,0.4343947172164917,0.82833331823349,0.9783464670181274,32.0,497.0,0.8435072898864746,0.8187500238418579,10.0,19.0,0.43869081139564514,0.8549618124961853,0.9180327653884888,19.0,112.0
176,0.769444465637207,0.8211508393287659,13.0,102.0,0.4300055503845215,0.8291457295417786,0.9744094610214233,33.0,495.0,0.8397325277328491,0.824999988079071,8.0,20.0,0.42723050713539124,0.8507462739944458,0.9344262480735779,18.0,114.0
177,0.7617089748382568,0.8118196129798889,17.0,104.0,0.43366917967796326,0.8252100944519043,0.9665354490280151,31.0,491.0,0.8412424325942993,0.8187500238418579,10.0,19.0,0.4347435534000397,0.8549618124961853,0.9180327653884888,19.0,112.0
178,0.7654491066932678,0.8242612481117249,10.0,103.0,0.43170952796936035,0.8286189436912537,0.9803149700164795,32.0,498.0,0.8377911448478699,0.831250011920929,7.0,20.0,0.4191765785217285,0.8518518805503845,0.9426229596138,18.0,115.0
179,0.7764217257499695,0.8351477384567261,10.0,96.0,0.4228166341781616,0.8383838534355164,0.9803149700164795,39.0,498.0,0.8353105783462524,0.824999988079071,8.0,20.0,0.432680606842041,0.8507462739944458,0.9344262480735779,18.0,114.0
180,0.7714420557022095,0.8258165121078491,17.0,95.0,0.4259996712207794,0.8378839492797852,0.9665354490280151,40.0,491.0,0.8261432647705078,0.824999988079071,9.0,19.0,0.43851718306541443,0.8560606241226196,0.9262295365333557,19.0,113.0
181,0.763152539730072,0.8289269208908081,11.0,99.0,0.4321930706501007,0.8338926434516907,0.9783464670181274,36.0,497.0,0.8435072898864746,0.831250011920929,5.0,22.0,0.4112006723880768,0.8417266011238098,0.9590163826942444,16.0,117.0
182,0.7686424255371094,0.8289269208908081,12.0,98.0,0.42780429124832153,0.8350168466567993,0.9763779640197754,37.0,496.0,0.8437230587005615,0.8187500238418579,8.0,21.0,0.4254966378211975,0.8444444537162781,0.9344262480735779,17.0,114.0
183,0.7679425477981567,0.8227060437202454,15.0,99.0,0.4272342324256897,0.8327702879905701,0.9704724550247192,36.0,493.0,0.8402718305587769,0.831250011920929,7.0,20.0,0.4181983470916748,0.8518518805503845,0.9426229596138,18.0,115.0
184,0.7740011811256409,0.8335925340652466,9.0,98.0,0.4252527356147766,0.8358458876609802,0.9822834730148315,37.0,499.0,0.8450172543525696,0.824999988079071,11.0,17.0,0.43931761384010315,0.8671875,0.9098360538482666,21.0,111.0
185,0.7598425149917603,0.8180404305458069,15.0,102.0,0.43287813663482666,0.8285714387893677,0.9704724550247192,33.0,493.0,0.8327221870422363,0.831250011920929,7.0,20.0,0.4225851595401764,0.8518518805503845,0.9426229596138,18.0,115.0
186,0.7750728726387024,0.8258165121078491,13.0,99.0,0.42458730936050415,0.8333333134651184,0.9744094610214233,36.0,495.0,0.8430758714675903,0.8374999761581421,7.0,19.0,0.4230668544769287,0.858208954334259,0.9426229596138,19.0,115.0
187,0.7694662809371948,0.8258165121078491,12.0,100.0,0.42596161365509033,0.8322147727012634,0.9763779640197754,35.0,496.0,0.8425366878509521,0.824999988079071,10.0,18.0,0.43287286162376404,0.8615384697914124,0.9180327653884888,20.0,112.0
188,0.772630512714386,0.8242612481117249,17.0,96.0,0.4277142584323883,0.8364565372467041,0.9665354490280151,39.0,491.0,0.8369283676147461,0.8062499761581421,13.0,18.0,0.4558340013027191,0.8582677245140076,0.8934426307678223,20.0,109.0
189,0.7550451755523682,0.8149300217628479,15.0,104.0,0.43695035576820374,0.8257956504821777,0.9704724550247192,31.0,493.0,0.8412424325942993,0.8125,10.0,20.0,0.44542407989501953,0.8484848737716675,0.9180327653884888,18.0,112.0
190,0.7625182271003723,0.8242612481117249,12.0,101.0,0.43118998408317566,0.8308207988739014,0.9763779640197754,34.0,496.0,0.8465272188186646,0.8187500238418579,6.0,23.0,0.4202798306941986,0.8345323801040649,0.9508196711540222,15.0,116.0
191,0.768168568611145,0.8242612481117249,14.0,99.0,0.42712873220443726,0.8330522775650024,0.9724409580230713,36.0,494.0,0.8452329635620117,0.8187500238418579,8.0,21.0,0.43270617723464966,0.8444444537162781,0.9344262480735779,17.0,114.0
192,0.7749635577201843,0.8149300217628479,16.0,103.0,0.4281800389289856,0.826890766620636,0.9685039520263672,32.0,492.0,0.8421052694320679,0.8187500238418579,8.0,21.0,0.4317256510257721,0.8444444537162781,0.9344262480735779,17.0,114.0
193,0.7585083246231079,0.8133748173713684,18.0,102.0,0.435516893863678,0.8277027010917664,0.9645669460296631,33.0,490.0,0.8403795957565308,0.824999988079071,7.0,21.0,0.4284285008907318,0.845588207244873,0.9426229596138,17.0,115.0
194,0.7706765532493591,0.8180404305458069,16.0,101.0,0.4281785786151886,0.8296796083450317,0.9685039520263672,34.0,492.0,0.8413503170013428,0.831250011920929,7.0,20.0,0.4247373640537262,0.8518518805503845,0.9426229596138,18.0,115.0
195,0.774074137210846,0.8273717164993286,14.0,97.0,0.4261864721775055,0.8358713984489441,0.9724409580230713,38.0,494.0,0.8459879159927368,0.831250011920929,6.0,21.0,0.41753730177879333,0.8467153310775757,0.9508196711540222,17.0,116.0
196,0.7778579592704773,0.8258165121078491,13.0,99.0,0.42299583554267883,0.8333333134651184,0.9744094610214233,36.0,495.0,0.8416737914085388,0.831250011920929,7.0,20.0,0.4233834743499756,0.8518518805503845,0.9426229596138,18.0,115.0
197,0.7839311957359314,0.8320373296737671,12.0,96.0,0.41735175251960754,0.837837815284729,0.9763779640197754,39.0,496.0,0.8354184627532959,0.831250011920929,8.0,19.0,0.4332028329372406,0.8571428656578064,0.9344262480735779,19.0,114.0
198,0.7658501267433167,0.8180404305458069,18.0,99.0,0.4283486604690552,0.831918478012085,0.9645669460296631,36.0,490.0,0.8422131538391113,0.831250011920929,8.0,19.0,0.4345899522304535,0.8571428656578064,0.9344262480735779,19.0,114.0
199,0.7723534107208252,0.8273717164993286,13.0,98.0,0.4253673851490021,0.8347386121749878,0.9744094610214233,37.0,495.0,0.8407031893730164,0.824999988079071,8.0,20.0,0.427058607339859,0.8507462739944458,0.9344262480735779,18.0,114.0
200,0.7840040922164917,0.8304821252822876,14.0,95.0,0.42056208848953247,0.8387096524238586,0.9724409580230713,40.0,494.0,0.8424288034439087,0.8187500238418579,7.0,22.0,0.42741745710372925,0.8394160866737366,0.9426229596138,16.0,115.0
201,0.7642388343811035,0.8320373296737671,9.0,99.0,0.43065518140792847,0.8344481587409973,0.9822834730148315,36.0,499.0,0.8396247029304504,0.8187500238418579,7.0,22.0,0.4205476641654968,0.8394160866737366,0.9426229596138,16.0,115.0
